id,command_name,answer
af397a64-d3cf-4e0e-b7d0-84de19212921,start,"–î–æ–±—Ä–æ –ø–æ–∂–∞–ª–æ–≤–∞—Ç—å –≤ MedicalBot. –° –ø–æ–º–æ—â—å—é –Ω–∞—à–µ–≥–æ –±–æ—Ç–∞ —Ç—ã —Å–º–æ–∂–µ—à—å:
1)–û–∑–Ω–∞–∫–æ–º–∏—Ç—å—Å—è —Å –≥—Ä–∞—Ñ–∏–∫–æ–º —Ä–∞–±–æ—Ç—ã –∏–Ω—Ç–µ—Ä–µ—Å—É—é—â–µ–≥–æ –≤–∞—Å —É—á—Ä–µ–∂–¥–µ–Ω–∏—è
2) –£–∑–Ω–∞—Ç—å –ø–æ–ª–µ–∑–Ω—É—é –¥–ª—è —Å–µ–±—è –∏–Ω—Ñ–æ—Ä–º–∞—Ü–∏—é
3) –ó–∞–ø–∏—Å–∞—Ç—å—Å—è –Ω–∞ –ø—Ä–∏–µ–º –≤—Ä–∞—á—É
4) –û–±—Ä–∞—Ç–∏—Ç—å—Å—è –≤ —Ç–µ—Ö–Ω–∏—á–µ—Å–∫—É—é –ø–æ–¥–¥–µ—Ä–∂–∫—É

–î–ª—è –ø—Ä–æ–¥–æ–ª–∂–µ–Ω–∏—è —Ä–µ–∫–æ–º–µ–Ω–¥—É–µ—Ç—Å—è –∞–≤—Ç–æ—Ä–∏–∑–æ–≤–∞—Ç—å—Å—è"
dfbdd4ac-34d9-4f8c-87c7-bca77aac1336,user_help,"–í—ã –º–æ–∂–µ—Ç–µ –∏—Å–ø–æ–ª—å–∑–æ–≤–∞—Ç—å –∫–æ–º–∞–Ω–¥—ã —Å–ª–µ–¥—É—é—â–∏–º –æ–±—Ä–∞–∑–æ–º:

üìã –ó–∞–ø–∏—Å–∞—Ç—å—Å—è –∫ –≤—Ä–∞—á—É

‚îî __–î–∞–Ω–Ω–∞—è –∫–Ω–æ–ø–∫–∞ –ø–æ–∑–≤–æ–ª—è–µ—Ç –∑–∞–ø–∏—Å–∞—Ç—å—Å—è –Ω–∞ –ø—Ä–∏–µ–º –∫ –≤—Ä–∞—á—É,–∫–æ—Ç–æ—Ä–æ–≥–æ –≤—ã –∂–µ–ª–∞–µ—Ç–µ –ø–æ—Å–µ—Ç–∏—Ç—å (–≤ —Å–ª—É—á–∞–µ, –µ—Å–ª–∏ –∑–∞–ø–∏—Å—å –±–µ—Å–ø–ª–∞—Ç–Ω–∞)__

‚ùî –ó–∞–¥–∞—Ç—å –≤–æ–ø—Ä–æ—Å

‚îî __–î–∞–Ω–Ω–∞—è –∫–Ω–æ–ø–∫–∞ –ø–æ–∑–≤–æ–ª—è–µ—Ç –∑–∞–¥–∞—Ç—å —Å–æ–æ—Ç–≤–µ—Ç—Å—Ç–≤—É—é—â–∏–π –≤–æ–ø—Ä–æ—Å,–∏–Ω—Ç–µ—Ä–µ—Å—É—é—â–∏–π –≤–∞—Å, –∏ –æ—Ç–≤–µ—Ç–∏—Ç –Ω–∞ –Ω–µ–≥–æ

‚ÑπÔ∏è –ò–Ω—Ñ–æ—Ä–º–∞—Ü–∏—è

‚îî  __–î–∞–Ω–Ω–∞—è –∫–Ω–æ–ø–∫–∞ –ø—Ä–µ–¥–æ—Å—Ç–∞–≤–ª—è–µ—Ç –ø–æ–¥—Ä–æ–±–Ω—É—é –∏–Ω—Ñ–æ—Ä–º–∞—Ü–∏—é,–∫–∞—Å–∞—é—â—É—é—Å—è –û—Ä—Å–∫–æ–π –±–æ–ª—å–Ω–∏—Ü—ã, —Ñ–∏–ª–∏–∞–ª–æ–≤, –∏ —Ç–∞–∫ –¥–∞–ª–µ–µ

‚òéÔ∏è –û–±—Ä–∞—Ç–∏—Ç—å—Å—è –≤ –ø–æ–¥–¥–µ—Ä–∂–∫—É

‚îî __–î–∞–Ω–Ω–∞—è –∫–Ω–æ–ø–∫–∞ –ø–æ–∑–≤–æ–ª—è–µ—Ç –æ–±—Ä–∞—Ç–∏—Ç—å—Å—è –∑–∞ –ø–æ–º–æ—â—å—é –∫ —Ä–µ–∞–ª—å–Ω–æ–º—É —á–µ–ª–æ–≤–µ–∫—É, –≤ —Å–ª—É—á–∞–µ –µ—Å–ª–∏ –≤—ã –Ω–µ –Ω–∞—à–ª–∏ –æ—Ç–≤–µ—Ç–Ω–∞ —Å–≤–æ–π –≤–æ–ø—Ä–æ—Å__

üìç –ü–æ–º–æ—â—å

‚îî __–î–∞–Ω–Ω–∞—è –∫–Ω–æ–ø–∫–∞ –≤—ã–≤–æ–¥–∏—Ç –¥–∞–Ω–Ω–æ–µ —Å–æ–æ–±—â–µ–Ω–∏–µ

__üõ† –ù–∞—Å—Ç—Ä–æ–π–∫–∏

‚îî __–î–∞–Ω–Ω–∞—è –∫–Ω–æ–ø–∫–∞ –ø–æ–∑–≤–æ–ª—è–µ—Ç –Ω–∞—Å—Ç—Ä–æ–∏—Ç—å –±–æ—Ç–∞n

__"
dfbdd4ac-32d9-4f8c-87c7-bca77aac1336,contact_info,"üìû –ö–æ–Ω—Ç–∞–∫—Ç–Ω–∞—è –∏–Ω—Ñ–æ—Ä–º–∞—Ü–∏—è üìû


‚Ä¢ –ù–∞–∏–º–µ–Ω–æ–≤–∞–Ω–∏–µ —É—á—Ä–µ–∂–¥–µ–Ω–∏—è:  <b><i>–ì–û–°–£–î–ê–†–°–¢–í–ï–ù–ù–û–ï –ê–í–¢–û–ù–û–ú–ù–û–ï –£–ß–†–ï–ñ–î–ï–ù–ò–ï –ó–î–†–ê–í–û–û–•–†–ê–ù–ï–ù–ò–Ø ""–ì–û–†–û–î–°–ö–ê–Ø –ë–û–õ–¨–ù–ò–¶–ê"" –ì–û–†–û–î–ê –û–†–°–ö–ê</i></b>

‚Ä¢ –°–æ–∫—Ä–∞—â–µ–Ω–Ω–æ–µ –Ω–∞–∏–º–µ–Ω–æ–≤–∞–Ω–∏–µ —É—á—Ä–µ–∂–¥–µ–Ω–∏—è: <b><i>–ì–ê–£–ó ""–ì–ë"" –ì. –û–†–°–ö–ê</i></b> 

‚Ä¢ –ö–æ–¥—ã —É—á—Ä–µ–∂–¥–µ–Ω–∏—è: <b><i>–ò–ù–ù 5614088133, –ö–ü–ü 561401001, –û–ö–ü–û 70022434, –û–ì–†–ù 1225600012440</i></b> 

‚Ä¢ –ü—É–±–ª–∏—á–Ω–æ-–ø—Ä–∞–≤–æ–≤–æ–µ –æ–±—Ä–∞–∑–æ–≤–∞–Ω–∏–µ:  <b><i>–û—Ä–µ–Ω–±—É—Ä–≥—Å–∫–∞—è –æ–±–ª–∞—Å—Ç—å, –û–ö–ê–¢–û 53 000 000 000, –û–ö–¢–ú–û 53723000</i></b> 

‚Ä¢ –û—Ä–≥–∞–Ω—ã, –æ—Å—É—â–µ—Å—Ç–≤–ª—è—é—â–∏–µ —Ñ—É–Ω–∫—Ü–∏–∏ –∏
–ø–æ–ª–Ω–æ–º–æ—á–∏—è —É—á—Ä–µ–¥–∏—Ç–µ–ª—è:  <b><i>–ú–∏–Ω–∏—Å—Ç–µ—Ä—Å—Ç–≤–æ –∑–¥—Ä–∞–≤–æ–æ—Ö—Ä–∞–Ω–µ–Ω–∏—è –û—Ä–µ–Ω–±—É—Ä–≥—Å–∫–æ–π –æ–±–ª–∞—Å—Ç–∏</i></b> 

‚Ä¢ –¢–∏–ø —É—á—Ä–µ–∂–¥–µ–Ω–∏—è:  <b><i>–ê–≤—Ç–æ–Ω–æ–º–Ω–æ–µ —É—á—Ä–µ–∂–¥–µ–Ω–∏–µ</i></b> 

‚Ä¢ –í–∏–¥ —É—á—Ä–µ–∂–¥–µ–Ω–∏—è:  <b><i>–ë–æ–ª—å–Ω–∏—Ü–∞ –≥–æ—Ä–æ–¥—Å–∫–∞—è</i></b>

‚Ä¢ –†—É–∫–æ–≤–æ–¥–∏—Ç–µ–ª—å: <b><i>–ì–ª–∞–≤–Ω—ã–π –≤—Ä–∞—á: –û—Ä–ª–æ–≤ –ü–∞–≤–µ–ª –í–ª–∞–¥–∏–º–∏—Ä–æ–≤–∏—á</i></b> 

‚Ä¢ –ö–æ–Ω—Ç–∞–∫—Ç–Ω—ã–π —Ç–µ–ª–µ—Ñ–æ–Ω: <b><i>+7 353 720 67 67</i></b> 

‚Ä¢ –°–∞–π—Ç —É—á—Ä–µ–∂–¥–µ–Ω–∏—è: <b><i>http://orskgb.nitoich.tw1.ru/</i></b> 

‚Ä¢ –ê–¥—Ä–µ—Å —ç–ª–µ–∫—Ç—Ä–æ–Ω–Ω–æ–π –ø–æ—á—Ç—ã: <b><i>syntez-ref@mail.ru</i></b> 

"
