id,user_id,role_id,first_name,surname,patronymic,phone,email,is_accepted,is_notify
b35a75ec-c144-48e7-9bb1-013f12d4f4bc,7043b122-4962-4109-a281-0b30623c0b1e,2777413e-e79e-4c63-a407-fb28c30746e6,Манакова,Жанна,Викторовна,8 888 888 88 88,1zxc.email@mail.ru,TRUE,FALSE
0c2f6bf3-5462-4c9e-bd2b-f5ec2d88a5d7,24a0cd52-e46d-4e32-acb3-bde238b6a978,2777413e-e79e-4c63-a407-fb28c30746e6,Улицкая,Ирина,Владимировна,8 888 888 88 88,2zxc.email@mail.ru,TRUE,FALSE
33e8ec3e-0747-4d6a-9cb7-6afa14148a66,c1212086-138a-43ad-aef8-6e5050ec37da,2777413e-e79e-4c63-a407-fb28c30746e6,Шеина,Юлия,Михайловна,8 888 888 88 88,3zxc.email@mail.ru,TRUE,FALSE
017b544f-5ae9-47fe-8950-b682fe0bfeff,5c37f5b8-d63c-474e-9275-461d9107b129,2777413e-e79e-4c63-a407-fb28c30746e6,Реймер,Ольга,Викторовна,8 888 888 88 88,4zxc.email@mail.ru,TRUE,FALSE
0e687349-4f26-4f70-af33-2b1b77574a6c,d618e15a-c611-4b85-8f12-b877447fb3bf,2777413e-e79e-4c63-a407-fb28c30746e6,Нужнова,Ирина,Валерьевна,8 888 888 88 88,5zxc.email@mail.ru,TRUE,FALSE
cc77fe62-48e9-488e-8113-970a7f189f80,6b6737d2-6857-45a6-966e-893d868cecb4,2777413e-e79e-4c63-a407-fb28c30746e6,Долгушкина,Людмила,Петровна,8 888 888 88 88,6zxc.email@mail.ru,TRUE,FALSE
3a5636af-ae54-42f1-9767-4a782ec8555b,ab60d244-109e-4f8e-b604-465e2052d129,2777413e-e79e-4c63-a407-fb28c30746e6,Слепова,Светлана,Иосифовна,8 888 888 88 88,7zxc.email@mail.ru,TRUE,FALSE
9a6ee2ff-1dc8-4366-b34a-f2a6a1dbd52a,ca17e002-86e8-4300-96dc-e26dc57ca6cb,2777413e-e79e-4c63-a407-fb28c30746e6,Инкирева,Нина,Николаевна,8 888 888 88 88,8zxc.email@mail.ru,TRUE,FALSE
0aeeb98d-3452-441b-90df-7f6dab9926c2,40cb8be4-aae3-48a8-aaf7-02d68b1749b4,2777413e-e79e-4c63-a407-fb28c30746e6,Казарин,Игорь,Владимирович,8 888 888 88 88,9zxc.email@mail.ru,TRUE,FALSE
da90a728-0893-4dd7-99e9-91b6a4301705,55de3a55-942b-42ae-94d1-50c7bca753f4,2777413e-e79e-4c63-a407-fb28c30746e6,Степанов,Олег,Александрович,8 888 888 88 88,10zxc.email@mail.ru,TRUE,FALSE
e8205147-2c4a-412b-9a4b-7d0ddecc5f7c,500a8ab8-1394-4cfd-9d4f-4836129f3237,2777413e-e79e-4c63-a407-fb28c30746e6,Тишин,Александр,Викторович,8 888 888 88 88,11zxc.email@mail.ru,TRUE,FALSE
418fbb82-8fab-4017-8549-6b6495a58912,d8022a50-ecf4-4b16-86d3-80f5e24a8d77,2777413e-e79e-4c63-a407-fb28c30746e6,Черномырдин,Андрей,Юрьевич,8 888 888 88 88,12zxc.email@mail.ru,TRUE,FALSE
2cebc8e2-585a-4cc1-9bc8-4b43a69f318b,1d60b582-64d0-4ea7-b46d-03c9d46cfe45,2777413e-e79e-4c63-a407-fb28c30746e6,Баймуратов,Сидал,Ахметкалиевич,8 888 888 88 88,13zxc.email@mail.ru,TRUE,FALSE
4c5e4301-da7c-411b-9299-2bbcb43395ca,3cc2ec91-3261-449a-acea-2c6cf6f0a878,2777413e-e79e-4c63-a407-fb28c30746e6,Фартушин,Сергей,Викторович,8 888 888 88 88,14zxc.email@mail.ru,TRUE,FALSE
1ee0d580-9290-4be0-b45b-a0180fafab0c,af579b2e-03e0-4a78-96a9-d75c9f815fd2,2777413e-e79e-4c63-a407-fb28c30746e6,Кирпичёв,Сергей,Владимирович,8 888 888 88 88,15zxc.email@mail.ru,TRUE,FALSE
8afb8fab-e5d6-4400-ab13-56f4b7d48d13,fa54e6b6-51b6-491b-989c-d185f62e4219,2777413e-e79e-4c63-a407-fb28c30746e6,Джураев,Икромали,Тоирович,8 888 888 88 88,16zxc.email@mail.ru,TRUE,FALSE
ac6cedb8-f59d-44c3-8d93-b136054b48e9,e68f7baf-7f24-434d-89d2-84f3d8d13b24,2777413e-e79e-4c63-a407-fb28c30746e6,Широбоков,Сергей,Александрович,8 888 888 88 88,17zxc.email@mail.ru,TRUE,FALSE
6d2a0485-9d84-41c6-abf3-4eb5394ec4d0,427d120a-c80e-478a-9688-6a1278aaa9bb,2777413e-e79e-4c63-a407-fb28c30746e6,Иванов,Артем,Николаевич,8 888 888 88 88,18zxc.email@mail.ru,TRUE,FALSE
46576d72-affe-40fc-9e80-4782fac9fee5,4197bcb2-e0f7-4515-aa3d-919f47ba762c,2777413e-e79e-4c63-a407-fb28c30746e6,Матвеева,Светлана,Геннадьевна,8 888 888 88 88,19zxc.email@mail.ru,TRUE,FALSE
73f11bb9-1a81-4792-94b9-6a3a0bfe691f,8d7813ed-6acd-4686-9e32-be8ecb1965f6,2777413e-e79e-4c63-a407-fb28c30746e6,Абрамов,Дмитрий,Олегович,8 888 888 88 88,20zxc.email@mail.ru,TRUE,FALSE
ae93936d-e69e-4d60-8d2c-7e09327ef8d2,7545ab4b-21b2-4cd4-964b-581cd2d103fb,2777413e-e79e-4c63-a407-fb28c30746e6,Боровлева,Светлана,Вячеславовна,8 888 888 88 88,21zxc.email@mail.ru,TRUE,FALSE
55916077-a181-4a4e-872f-a99cbad713f8,ec566ff5-6d1a-483b-a036-f1edc9206c70,2777413e-e79e-4c63-a407-fb28c30746e6,Журавлев,Дмитрий,Анатольевич,8 888 888 88 88,22zxc.email@mail.ru,TRUE,FALSE
d4244f18-a557-41ef-a1aa-7402c4c50395,e57bb9a4-cfec-47fb-8c1c-6db01a002bf5,2777413e-e79e-4c63-a407-fb28c30746e6,Григорьев,Александр,Владимирович,8 888 888 88 88,23zxc.email@mail.ru,TRUE,FALSE
115ec6af-c415-4489-8140-c5d469558ff6,f5b1df1b-0150-4057-ba0d-57c000825b49,2777413e-e79e-4c63-a407-fb28c30746e6,Музычко,Ольга,Владимировна,8 888 888 88 88,24zxc.email@mail.ru,TRUE,FALSE
97e82259-94de-45d4-ba46-1eb05af27125,ed12f477-a61d-41a9-a3fe-55bfd9253bf0,2777413e-e79e-4c63-a407-fb28c30746e6,Реутова,Светлана,Аркадьевна,8 888 888 88 88,25zxc.email@mail.ru,TRUE,FALSE
cc62bb3a-9a43-4327-9331-a4f37c4833fc,1dc3cc62-b6d9-4215-8e6f-c7df8d4cd077,2777413e-e79e-4c63-a407-fb28c30746e6,Запара,Татьяна,Александровна,8 888 888 88 88,26zxc.email@mail.ru,TRUE,FALSE
1035f3fe-d47a-4495-95fc-2c05e13a5f69,9b1b932c-7fe3-4e24-b28c-e3837d77668e,2777413e-e79e-4c63-a407-fb28c30746e6,Джумалеева,Ирина,Геннадьевна,8 888 888 88 88,27zxc.email@mail.ru,TRUE,FALSE
59d71096-209e-4707-8ddd-d4540b1f6431,d92ec869-4f15-44a8-924b-36acf26fec1d,2777413e-e79e-4c63-a407-fb28c30746e6,Дмитриева,Юлия,Борисовна,8 888 888 88 88,28zxc.email@mail.ru,TRUE,FALSE
63070af7-af5a-4c86-90da-8779e3aeb09d,400e3c9f-24ae-4d8a-a527-36591c141c56,2777413e-e79e-4c63-a407-fb28c30746e6,Березовская,Татьяна,Леонидовна,8 888 888 88 88,29zxc.email@mail.ru,TRUE,FALSE
7f978101-1c36-4c5a-8838-ffee6ed4df1c,ce110799-afb6-4dca-b9e8-ebe077cd129e,2777413e-e79e-4c63-a407-fb28c30746e6,Силинкина,Марина,Сергеевна,8 888 888 88 88,30zxc.email@mail.ru,TRUE,FALSE
b3ec76fd-6236-4043-9ecf-1d173bdcb365,73890d4e-9b6c-4b54-bbde-df5f0b70c6a5,2777413e-e79e-4c63-a407-fb28c30746e6,Муллахметов,Наиль,Валиахметович,8 888 888 88 88,31zxc.email@mail.ru,TRUE,FALSE
664711b7-5f2c-430e-b110-9839415330e4,acb54675-f7ed-4549-b52c-f7595dd5544a,2777413e-e79e-4c63-a407-fb28c30746e6,Конский,Дмитрий,Сергеевич,8 888 888 88 88,32zxc.email@mail.ru,TRUE,FALSE
c4a95d8d-f822-45a8-a427-b46180b2ca97,79c589e1-ce68-48d3-b86e-88a6b6aff2f9,2777413e-e79e-4c63-a407-fb28c30746e6,Банчужный,Дмитрий,Александрович,8 888 888 88 88,33zxc.email@mail.ru,TRUE,FALSE
a194be7c-60b3-400c-91c6-25a50e1ce2ce,1a48ddc5-41ee-45d6-9137-03a2927d5c23,2777413e-e79e-4c63-a407-fb28c30746e6,Сидоренко,Максим,Сергеевич,8 888 888 88 88,34zxc.email@mail.ru,TRUE,FALSE
7b7f2df9-cec7-40a3-975c-a5b9cc089f6d,549bd117-18c3-42b7-9a67-06e3bd05ebfb,2777413e-e79e-4c63-a407-fb28c30746e6,Звизжова,Людмила,Викторовна,8 888 888 88 88,35zxc.email@mail.ru,TRUE,FALSE
5c2da0e6-43e3-40e6-839c-e4b736508e6c,19b7799f-1085-480b-af2f-764e7aff6d20,2777413e-e79e-4c63-a407-fb28c30746e6,Шелехов,Олег,Николаевич,8 888 888 88 88,36zxc.email@mail.ru,TRUE,FALSE
7ef5f167-4d46-4949-8555-c7ad3e3f3f2f,c71a42cf-b91a-4323-8486-38d2ae310872,2777413e-e79e-4c63-a407-fb28c30746e6,Бессонов,Дмитрий,Васильевич,8 888 888 88 88,37zxc.email@mail.ru,TRUE,FALSE
fba55f37-d1fc-408c-9f58-7ffd63246b9c,c8d4b27c-b352-4ef8-b7a7-c937332fa38b,2777413e-e79e-4c63-a407-fb28c30746e6,Айбулатов,Тулебай,Куанышбаевич,8 888 888 88 88,38zxc.email@mail.ru,TRUE,FALSE
6a4df420-5156-422a-9a6c-bdbae4cc2e10,19837772-3166-45c3-b573-129cc37bc65b,2777413e-e79e-4c63-a407-fb28c30746e6,Кузнецова,Галина,Владимировна,8 888 888 88 88,39zxc.email@mail.ru,TRUE,FALSE
1b2ab57d-0d65-42b9-b420-a3b7de131a0f,cfea4f4f-fe52-4689-8032-de6ed0f6f7c3,2777413e-e79e-4c63-a407-fb28c30746e6,Сеземина,Надежда,Васильевна,8 888 888 88 88,40zxc.email@mail.ru,TRUE,FALSE
778619d9-7788-495b-b862-7a7371603e35,d7906474-3b29-4f89-b5b8-11b38fe7b6dd,2777413e-e79e-4c63-a407-fb28c30746e6,Вельмейкина,Анна,Евгеньевна,8 888 888 88 88,41zxc.email@mail.ru,TRUE,FALSE
ccbf296f-d6d3-44bb-86c0-4c9bbd72649a,49c7c7fc-0093-4263-abde-6b531890045f,2777413e-e79e-4c63-a407-fb28c30746e6,Михайлова,Ольга,Михайловна,8 888 888 88 88,42zxc.email@mail.ru,TRUE,FALSE
92b20959-3b48-43e8-b795-50f9888e1a00,f60a682f-ecbc-45ec-ab58-e4df475bc067,2777413e-e79e-4c63-a407-fb28c30746e6,Артеменко,Елена,Юрьевна,8 888 888 88 88,43zxc.email@mail.ru,TRUE,FALSE
f5a2ac78-1d38-4052-979a-f6a8b0ca72f4,ccec0349-946f-43ef-adee-c6691c429702,2777413e-e79e-4c63-a407-fb28c30746e6,Матаев,Юрий,Константинович,8 888 888 88 88,44zxc.email@mail.ru,TRUE,FALSE
